Title,Description,Link,Media URL,Pinterest board,Publish date
Printable Free 29 Addition Math Worksheet For Grade 3 | Printable Practice,Help kids master Addition with this printable worksheet for Grade 3. Great for daily math practice.,https://mathworksheetkidscoloringgallery.github.io/html/printable-free-29-addition-math-worksheet-for-grade-3-9629.html,https://mathworksheetkidscoloringgallery.github.io/images/printable-free-29-addition-math-worksheet-for-grade-3-9629.jpg,Homeschool Math,03/17/2026 08:34:00 AM
Free Grade 1 Count and Color Worksheet,Teachers and parents love this Count and Color worksheet for Grade 1. Download and print instantly.,https://mathworksheetkidscoloringgallery.github.io/html/free-grade-1-count-and-color-worksheet-8301.html,https://mathworksheetkidscoloringgallery.github.io/images/free-grade-1-count-and-color-worksheet-8301.jpg,Homeschool Math,03/17/2026 11:06:00 AM
Free Counting Objects Worksheet For Kindergarten Printable - Part 3 | Printable Practice,Teachers and parents love this Counting Objects worksheet for Kindergarten. Download and print instantly.,https://mathworksheetkidscoloringgallery.github.io/html/free-counting-objects-worksheet-for-kindergarten-printable-part-3-4268.html,https://mathworksheetkidscoloringgallery.github.io/images/free-counting-objects-worksheet-for-kindergarten-printable-part-3-4268.jpg,Math Practice Printables,03/17/2026 01:26:00 PM
Free 18 Division Math Worksheet For Grade 2 - Part 4 | Printable Practice,Fun and engaging Division worksheet for Grade 2. Perfect printable math practice.,https://mathworksheetkidscoloringgallery.github.io/html/free-18-division-math-worksheet-for-grade-2-part-4-2547.html,https://mathworksheetkidscoloringgallery.github.io/images/free-18-division-math-worksheet-for-grade-2-part-4-2547.jpg,Math Practice Printables,03/17/2026 04:32:00 PM
7 Math Challenge Practice Worksheet,Fun and engaging Math worksheet for Math. Perfect printable math practice.,https://mathworksheetkidscoloringgallery.github.io/html/7-math-challenge-practice-worksheet-7989.html,https://mathworksheetkidscoloringgallery.github.io/images/7-math-challenge-practice-worksheet-7989.jpg,Elementary Math Activities,03/17/2026 08:38:00 PM
Missing Number Math Worksheet,Free printable Missing Number worksheet for Grade 1. Perfect for homeschool practice and classroom activities.,https://mathworksheetkidscoloringgallery.github.io/html/missing-number-math-worksheet-5044.html,https://mathworksheetkidscoloringgallery.github.io/images/missing-number-math-worksheet-5044.jpg,Printable Worksheets,03/18/2026 08:34:00 AM
Mixed Operations Math Worksheet,Fun and engaging Mixed Operations worksheet for Grade 3. Perfect printable math practice.,https://mathworksheetkidscoloringgallery.github.io/html/mixed-operations-math-worksheet-7734.html,https://mathworksheetkidscoloringgallery.github.io/images/mixed-operations-math-worksheet-7734.jpg,Elementary Math Activities,03/18/2026 11:06:00 AM
Free 21 Multiplication Math Worksheet For Grade 2 - Part 8 | Printable Practice,Fun and engaging Multiplication worksheet for Grade 2. Perfect printable math practice.,https://mathworksheetkidscoloringgallery.github.io/html/free-21-multiplication-math-worksheet-for-grade-2-part-8-8364.html,https://mathworksheetkidscoloringgallery.github.io/images/free-21-multiplication-math-worksheet-for-grade-2-part-8-8364.jpg,Kids Math Worksheets,03/18/2026 01:35:00 PM
Printable Free 14 Subtraction Math Worksheet For Grade 5 - Part 9 | Printable Practice,Free printable Subtraction worksheet for Grade 5. Perfect for homeschool practice and classroom activities.,https://mathworksheetkidscoloringgallery.github.io/html/printable-free-14-subtraction-math-worksheet-for-grade-5-part-9-4194.html,https://mathworksheetkidscoloringgallery.github.io/images/printable-free-14-subtraction-math-worksheet-for-grade-5-part-9-4194.jpg,Elementary Math Activities,03/18/2026 04:37:00 PM
7 Times Table Worksheet For Grade 3 With Answers - Part 10 | Printable Practice,Free printable Times Table worksheet for Grade 3. Perfect for homeschool practice and classroom activities.,https://mathworksheetkidscoloringgallery.github.io/html/7-times-table-worksheet-for-grade-3-with-answers-part-10-6644.html,https://mathworksheetkidscoloringgallery.github.io/images/7-times-table-worksheet-for-grade-3-with-answers-part-10-6644.jpg,Math Practice Printables,03/18/2026 08:26:00 PM
Printable Tracing Worksheet For Kids - Part 11 | Free Printable,Printable Tracing worksheet designed for Kindergarten students. Easy and fun math practice.,https://mathworksheetkidscoloringgallery.github.io/html/printable-tracing-worksheet-for-kids-part-11-3457.html,https://mathworksheetkidscoloringgallery.github.io/images/printable-tracing-worksheet-for-kids-part-11-3457.jpg,Math Practice Printables,03/19/2026 08:23:00 AM
Math Word Problem Worksheet,Printable Word Problem worksheet designed for Grade 3 students. Easy and fun math practice.,https://mathworksheetkidscoloringgallery.github.io/html/math-word-problem-worksheet-8677.html,https://mathworksheetkidscoloringgallery.github.io/images/math-word-problem-worksheet-8677.jpg,Elementary Math Activities,03/19/2026 11:00:00 AM
Free 27 Addition Math Worksheet For Grade 5 With Answers - Part 13 | Printable Practice,Fun and engaging Addition worksheet for Grade 5. Perfect printable math practice.,https://mathworksheetkidscoloringgallery.github.io/html/free-27-addition-math-worksheet-for-grade-5-with-answers-part-13-6979.html,https://mathworksheetkidscoloringgallery.github.io/images/free-27-addition-math-worksheet-for-grade-5-with-answers-part-13-6979.jpg,Homeschool Math,03/19/2026 01:38:00 PM
"Count and Color Apple, Apple, Ball Worksheet for Kids",Free printable Count and Color worksheet for Preschool. Perfect for homeschool practice and classroom activities.,https://mathworksheetkidscoloringgallery.github.io/html/count-and-color-apple-apple-ball-worksheet-for-kids-1712.html,https://mathworksheetkidscoloringgallery.github.io/images/count-and-color-apple-apple-ball-worksheet-for-kids-1712.jpg,Homeschool Math,03/19/2026 04:34:00 PM
Learn Counting With Pictures Worksheet (Kindergarten) - Part 15 | Printable Practice,Fun and engaging Counting Objects worksheet for Kindergarten. Perfect printable math practice.,https://mathworksheetkidscoloringgallery.github.io/html/learn-counting-with-pictures-worksheet-kindergarten-part-15-5590.html,https://mathworksheetkidscoloringgallery.github.io/images/learn-counting-with-pictures-worksheet-kindergarten-part-15-5590.jpg,Homeschool Math,03/19/2026 08:38:00 PM
Printable Free 21 Division Math Worksheet For Grade 1 - Part 16 | Printable Practice,Help kids master Division with this printable worksheet for Grade 1. Great for daily math practice.,https://mathworksheetkidscoloringgallery.github.io/html/printable-free-21-division-math-worksheet-for-grade-1-part-16-2750.html,https://mathworksheetkidscoloringgallery.github.io/images/printable-free-21-division-math-worksheet-for-grade-1-part-16-2750.jpg,Homeschool Math,03/20/2026 08:38:00 AM
Ultimate Math Skill Test Worksheet (4 Questions),Free printable Math worksheet for Math. Perfect for homeschool practice and classroom activities.,https://mathworksheetkidscoloringgallery.github.io/html/ultimate-math-skill-test-worksheet-4-questions-5677.html,https://mathworksheetkidscoloringgallery.github.io/images/ultimate-math-skill-test-worksheet-4-questions-5677.jpg,Elementary Math Activities,03/20/2026 11:00:00 AM
Missing Number Math Worksheet,Teachers and parents love this Missing Number worksheet for Grade 1. Download and print instantly.,https://mathworksheetkidscoloringgallery.github.io/html/missing-number-math-worksheet-2977.html,https://mathworksheetkidscoloringgallery.github.io/images/missing-number-math-worksheet-2977.jpg,Kids Math Worksheets,03/20/2026 01:27:00 PM
Mixed Operations Math Worksheet,Help kids master Mixed Operations with this printable worksheet for Grade 3. Great for daily math practice.,https://mathworksheetkidscoloringgallery.github.io/html/mixed-operations-math-worksheet-6960.html,https://mathworksheetkidscoloringgallery.github.io/images/mixed-operations-math-worksheet-6960.jpg,Math Practice Printables,03/20/2026 04:35:00 PM
Free 21 Multiplication Math Worksheet For Grade 1 - Part 20 | Printable Practice,Teachers and parents love this Multiplication worksheet for Grade 1. Download and print instantly.,https://mathworksheetkidscoloringgallery.github.io/html/free-21-multiplication-math-worksheet-for-grade-1-part-20-7992.html,https://mathworksheetkidscoloringgallery.github.io/images/free-21-multiplication-math-worksheet-for-grade-1-part-20-7992.jpg,Elementary Math Activities,03/20/2026 08:36:00 PM
Free 21 Subtraction Math Worksheet For Grade 5 - Part 21 | Printable Practice,Printable Subtraction worksheet designed for Grade 5 students. Easy and fun math practice.,https://mathworksheetkidscoloringgallery.github.io/html/free-21-subtraction-math-worksheet-for-grade-5-part-21-8451.html,https://mathworksheetkidscoloringgallery.github.io/images/free-21-subtraction-math-worksheet-for-grade-5-part-21-8451.jpg,Printable Worksheets,03/21/2026 08:22:00 AM
3 Times Table Worksheet For Grade 2 - Part 22 | Printable Practice,Free printable Times Table worksheet for Grade 2. Perfect for homeschool practice and classroom activities.,https://mathworksheetkidscoloringgallery.github.io/html/3-times-table-worksheet-for-grade-2-part-22-3882.html,https://mathworksheetkidscoloringgallery.github.io/images/3-times-table-worksheet-for-grade-2-part-22-3882.jpg,Elementary Math Activities,03/21/2026 11:00:00 AM
Printable Tracing Worksheet For Kids - Part 23 | Free Printable,Help kids master Tracing with this printable worksheet for Preschool. Great for daily math practice.,https://mathworksheetkidscoloringgallery.github.io/html/printable-tracing-worksheet-for-kids-part-23-9827.html,https://mathworksheetkidscoloringgallery.github.io/images/printable-tracing-worksheet-for-kids-part-23-9827.jpg,Elementary Math Activities,03/21/2026 01:33:00 PM
Math Word Problem Worksheet,Printable Word Problem worksheet designed for Grade 3 students. Easy and fun math practice.,https://mathworksheetkidscoloringgallery.github.io/html/math-word-problem-worksheet-8523.html,https://mathworksheetkidscoloringgallery.github.io/images/math-word-problem-worksheet-8523.jpg,Elementary Math Activities,03/21/2026 04:34:00 PM
Printable Free 22 Addition Math Worksheet For Grade 5 - Part 25 | Printable Practice,Fun and engaging Addition worksheet for Grade 5. Perfect printable math practice.,https://mathworksheetkidscoloringgallery.github.io/html/printable-free-22-addition-math-worksheet-for-grade-5-part-25-7807.html,https://mathworksheetkidscoloringgallery.github.io/images/printable-free-22-addition-math-worksheet-for-grade-5-part-25-7807.jpg,Homeschool Math,03/21/2026 08:23:00 PM
Grade 1 Count and Color Shapes Worksheet,Printable Count and Color worksheet designed for Grade 1 students. Easy and fun math practice.,https://mathworksheetkidscoloringgallery.github.io/html/grade-1-count-and-color-shapes-worksheet-4855.html,https://mathworksheetkidscoloringgallery.github.io/images/grade-1-count-and-color-shapes-worksheet-4855.jpg,Kids Math Worksheets,03/22/2026 08:38:00 AM
Learn Counting With Pictures Worksheet (Kindergarten) - Part 27 | Printable Practice,Help kids master Counting Objects with this printable worksheet for Kindergarten. Great for daily math practice.,https://mathworksheetkidscoloringgallery.github.io/html/learn-counting-with-pictures-worksheet-kindergarten-part-27-7623.html,https://mathworksheetkidscoloringgallery.github.io/images/learn-counting-with-pictures-worksheet-kindergarten-part-27-7623.jpg,Printable Worksheets,03/22/2026 11:06:00 AM
Grade 2 Division Practice Worksheet (27 Problems) - Part 28 | Printable Practice,Teachers and parents love this Division worksheet for Grade 2. Download and print instantly.,https://mathworksheetkidscoloringgallery.github.io/html/grade-2-division-practice-worksheet-27-problems-part-28-4414.html,https://mathworksheetkidscoloringgallery.github.io/images/grade-2-division-practice-worksheet-27-problems-part-28-4414.jpg,Homeschool Math,03/22/2026 01:34:00 PM
7 Mathematics Practice Practice Worksheet,Fun and engaging Math worksheet for Math. Perfect printable math practice.,https://mathworksheetkidscoloringgallery.github.io/html/7-mathematics-practice-practice-worksheet-3290.html,https://mathworksheetkidscoloringgallery.github.io/images/7-mathematics-practice-practice-worksheet-3290.jpg,Kids Math Worksheets,03/22/2026 04:29:00 PM
Missing Number Math Worksheet,Fun and engaging Missing Number worksheet for Grade 1. Perfect printable math practice.,https://mathworksheetkidscoloringgallery.github.io/html/missing-number-math-worksheet-7478.html,https://mathworksheetkidscoloringgallery.github.io/images/missing-number-math-worksheet-7478.jpg,Printable Worksheets,03/22/2026 08:22:00 PM
Mixed Operations Math Worksheet,Teachers and parents love this Mixed Operations worksheet for Grade 3. Download and print instantly.,https://mathworksheetkidscoloringgallery.github.io/html/mixed-operations-math-worksheet-5789.html,https://mathworksheetkidscoloringgallery.github.io/images/mixed-operations-math-worksheet-5789.jpg,Printable Worksheets,03/23/2026 08:28:00 AM
Free 23 Multiplication Math Worksheet For Grade 2 - Part 32 | Printable Practice,Teachers and parents love this Multiplication worksheet for Grade 2. Download and print instantly.,https://mathworksheetkidscoloringgallery.github.io/html/free-23-multiplication-math-worksheet-for-grade-2-part-32-3907.html,https://mathworksheetkidscoloringgallery.github.io/images/free-23-multiplication-math-worksheet-for-grade-2-part-32-3907.jpg,Homeschool Math,03/23/2026 11:05:00 AM
Free 20 Subtraction Math Worksheet For Grade 3 With Answers - Part 33 | Printable Practice,Teachers and parents love this Subtraction worksheet for Grade 3. Download and print instantly.,https://mathworksheetkidscoloringgallery.github.io/html/free-20-subtraction-math-worksheet-for-grade-3-with-answers-part-33-3768.html,https://mathworksheetkidscoloringgallery.github.io/images/free-20-subtraction-math-worksheet-for-grade-3-with-answers-part-33-3768.jpg,Math Practice Printables,03/23/2026 01:25:00 PM
7 Times Table Worksheet For Grade 3 - Part 34 | Printable Practice,Fun and engaging Times Table worksheet for Grade 3. Perfect printable math practice.,https://mathworksheetkidscoloringgallery.github.io/html/7-times-table-worksheet-for-grade-3-part-34-1674.html,https://mathworksheetkidscoloringgallery.github.io/images/7-times-table-worksheet-for-grade-3-part-34-1674.jpg,Printable Worksheets,03/23/2026 04:25:00 PM
Printable Tracing Worksheet For Kids - Part 35 | Free Printable,Fun and engaging Tracing worksheet for Preschool. Perfect printable math practice.,https://mathworksheetkidscoloringgallery.github.io/html/printable-tracing-worksheet-for-kids-part-35-3909.html,https://mathworksheetkidscoloringgallery.github.io/images/printable-tracing-worksheet-for-kids-part-35-3909.jpg,Homeschool Math,03/23/2026 08:33:00 PM
Math Word Problem Worksheet,Help kids master Word Problem with this printable worksheet for Grade 3. Great for daily math practice.,https://mathworksheetkidscoloringgallery.github.io/html/math-word-problem-worksheet-8653.html,https://mathworksheetkidscoloringgallery.github.io/images/math-word-problem-worksheet-8653.jpg,Printable Worksheets,03/24/2026 08:27:00 AM
Grade 3 Addition Practice Worksheet (14 Problems) - Part 37 | Printable Practice,Free printable Addition worksheet for Grade 3. Perfect for homeschool practice and classroom activities.,https://mathworksheetkidscoloringgallery.github.io/html/grade-3-addition-practice-worksheet-14-problems-part-37-7379.html,https://mathworksheetkidscoloringgallery.github.io/images/grade-3-addition-practice-worksheet-14-problems-part-37-7379.jpg,Printable Worksheets,03/24/2026 11:00:00 AM
Printable Count and Color Worksheet for Kindergarten Kids,Free printable Count and Color worksheet for Kindergarten. Perfect for homeschool practice and classroom activities.,https://mathworksheetkidscoloringgallery.github.io/html/printable-count-and-color-worksheet-for-kindergarten-kids-4650.html,https://mathworksheetkidscoloringgallery.github.io/images/printable-count-and-color-worksheet-for-kindergarten-kids-4650.jpg,Elementary Math Activities,03/24/2026 01:30:00 PM
Kindergarten Count The Objects Worksheet - Part 39 | Printable Practice,Printable Counting Objects worksheet designed for Kindergarten students. Easy and fun math practice.,https://mathworksheetkidscoloringgallery.github.io/html/kindergarten-count-the-objects-worksheet-part-39-8563.html,https://mathworksheetkidscoloringgallery.github.io/images/kindergarten-count-the-objects-worksheet-part-39-8563.jpg,Math Practice Printables,03/24/2026 04:29:00 PM
Free 10 Division Math Worksheet For Grade 2 With Answers - Part 40 | Printable Practice,Printable Division worksheet designed for Grade 2 students. Easy and fun math practice.,https://mathworksheetkidscoloringgallery.github.io/html/free-10-division-math-worksheet-for-grade-2-with-answers-part-40-1115.html,https://mathworksheetkidscoloringgallery.github.io/images/free-10-division-math-worksheet-for-grade-2-with-answers-part-40-1115.jpg,Kids Math Worksheets,03/24/2026 08:33:00 PM
4 Math Challenge Practice Worksheet,Fun and engaging Math worksheet for Math. Perfect printable math practice.,https://mathworksheetkidscoloringgallery.github.io/html/4-math-challenge-practice-worksheet-9123.html,https://mathworksheetkidscoloringgallery.github.io/images/4-math-challenge-practice-worksheet-9123.jpg,Homeschool Math,03/25/2026 08:22:00 AM
Missing Number Math Worksheet,Free printable Missing Number worksheet for Grade 1. Perfect for homeschool practice and classroom activities.,https://mathworksheetkidscoloringgallery.github.io/html/missing-number-math-worksheet-7369.html,https://mathworksheetkidscoloringgallery.github.io/images/missing-number-math-worksheet-7369.jpg,Elementary Math Activities,03/25/2026 11:05:00 AM
Mixed Operations Math Worksheet,Fun and engaging Mixed Operations worksheet for Grade 3. Perfect printable math practice.,https://mathworksheetkidscoloringgallery.github.io/html/mixed-operations-math-worksheet-2635.html,https://mathworksheetkidscoloringgallery.github.io/images/mixed-operations-math-worksheet-2635.jpg,Math Practice Printables,03/25/2026 01:30:00 PM
Printable Free 20 Multiplication Math Worksheet For Grade 2 - Part 44 | Printable Practice,Printable Multiplication worksheet designed for Grade 2 students. Easy and fun math practice.,https://mathworksheetkidscoloringgallery.github.io/html/printable-free-20-multiplication-math-worksheet-for-grade-2-part-44-7873.html,https://mathworksheetkidscoloringgallery.github.io/images/printable-free-20-multiplication-math-worksheet-for-grade-2-part-44-7873.jpg,Kids Math Worksheets,03/25/2026 04:27:00 PM
Grade 5 Subtraction Practice Worksheet (30 Problems) - Part 45 | Printable Practice,Teachers and parents love this Subtraction worksheet for Grade 5. Download and print instantly.,https://mathworksheetkidscoloringgallery.github.io/html/grade-5-subtraction-practice-worksheet-30-problems-part-45-9754.html,https://mathworksheetkidscoloringgallery.github.io/images/grade-5-subtraction-practice-worksheet-30-problems-part-45-9754.jpg,Elementary Math Activities,03/25/2026 08:37:00 PM
4 Times Table Worksheet For Grade 2 With Answers - Part 46 | Printable Practice,Free printable Times Table worksheet for Grade 2. Perfect for homeschool practice and classroom activities.,https://mathworksheetkidscoloringgallery.github.io/html/4-times-table-worksheet-for-grade-2-with-answers-part-46-7444.html,https://mathworksheetkidscoloringgallery.github.io/images/4-times-table-worksheet-for-grade-2-with-answers-part-46-7444.jpg,Kids Math Worksheets,03/26/2026 08:25:00 AM
Printable Tracing Worksheet For Kids - Part 47 | Free Printable,Help kids master Tracing with this printable worksheet for Preschool. Great for daily math practice.,https://mathworksheetkidscoloringgallery.github.io/html/printable-tracing-worksheet-for-kids-part-47-9344.html,https://mathworksheetkidscoloringgallery.github.io/images/printable-tracing-worksheet-for-kids-part-47-9344.jpg,Kids Math Worksheets,03/26/2026 11:03:00 AM
Math Word Problem Worksheet,Free printable Word Problem worksheet for Grade 3. Perfect for homeschool practice and classroom activities.,https://mathworksheetkidscoloringgallery.github.io/html/math-word-problem-worksheet-1999.html,https://mathworksheetkidscoloringgallery.github.io/images/math-word-problem-worksheet-1999.jpg,Math Practice Printables,03/26/2026 01:36:00 PM
Free 18 Addition Math Worksheet For Grade 5 With Answers - Part 49 | Printable Practice,Fun and engaging Addition worksheet for Grade 5. Perfect printable math practice.,https://mathworksheetkidscoloringgallery.github.io/html/free-18-addition-math-worksheet-for-grade-5-with-answers-part-49-1697.html,https://mathworksheetkidscoloringgallery.github.io/images/free-18-addition-math-worksheet-for-grade-5-with-answers-part-49-1697.jpg,Printable Worksheets,03/26/2026 04:33:00 PM
Fun Count and Color Objects Worksheet for Grade 1,Free printable Count and Color worksheet for Grade 1. Perfect for homeschool practice and classroom activities.,https://mathworksheetkidscoloringgallery.github.io/html/fun-count-and-color-objects-worksheet-for-grade-1-4936.html,https://mathworksheetkidscoloringgallery.github.io/images/fun-count-and-color-objects-worksheet-for-grade-1-4936.jpg,Kids Math Worksheets,03/26/2026 08:36:00 PM
Free Counting Objects Worksheet For Pre-K Printable - Part 51 | Printable Practice,Fun and engaging Counting Objects worksheet for Pre-K. Perfect printable math practice.,https://mathworksheetkidscoloringgallery.github.io/html/free-counting-objects-worksheet-for-pre-k-printable-part-51-8161.html,https://mathworksheetkidscoloringgallery.github.io/images/free-counting-objects-worksheet-for-pre-k-printable-part-51-8161.jpg,Printable Worksheets,03/27/2026 08:29:00 AM
Free 11 Division Math Worksheet For Grade 2 - Part 52 | Printable Practice,Printable Division worksheet designed for Grade 2 students. Easy and fun math practice.,https://mathworksheetkidscoloringgallery.github.io/html/free-11-division-math-worksheet-for-grade-2-part-52-8800.html,https://mathworksheetkidscoloringgallery.github.io/images/free-11-division-math-worksheet-for-grade-2-part-52-8800.jpg,Homeschool Math,03/27/2026 11:00:00 AM
7 Math Challenge Practice Worksheet,Help kids master Math with this printable worksheet for Math. Great for daily math practice.,https://mathworksheetkidscoloringgallery.github.io/html/7-math-challenge-practice-worksheet-4990.html,https://mathworksheetkidscoloringgallery.github.io/images/7-math-challenge-practice-worksheet-4990.jpg,Math Practice Printables,03/27/2026 01:35:00 PM
Missing Number Math Worksheet,Teachers and parents love this Missing Number worksheet for Grade 1. Download and print instantly.,https://mathworksheetkidscoloringgallery.github.io/html/missing-number-math-worksheet-2949.html,https://mathworksheetkidscoloringgallery.github.io/images/missing-number-math-worksheet-2949.jpg,Printable Worksheets,03/27/2026 04:28:00 PM
Mixed Operations Math Worksheet,Help kids master Mixed Operations with this printable worksheet for Grade 3. Great for daily math practice.,https://mathworksheetkidscoloringgallery.github.io/html/mixed-operations-math-worksheet-5977.html,https://mathworksheetkidscoloringgallery.github.io/images/mixed-operations-math-worksheet-5977.jpg,Homeschool Math,03/27/2026 08:32:00 PM
Printable Free 15 Multiplication Math Worksheet For Grade 2 - Part 56 | Printable Practice,Free printable Multiplication worksheet for Grade 2. Perfect for homeschool practice and classroom activities.,https://mathworksheetkidscoloringgallery.github.io/html/printable-free-15-multiplication-math-worksheet-for-grade-2-part-56-5003.html,https://mathworksheetkidscoloringgallery.github.io/images/printable-free-15-multiplication-math-worksheet-for-grade-2-part-56-5003.jpg,Homeschool Math,03/28/2026 08:28:00 AM
Free 15 Subtraction Math Worksheet For Grade 3 - Part 57 | Printable Practice,Help kids master Subtraction with this printable worksheet for Grade 3. Great for daily math practice.,https://mathworksheetkidscoloringgallery.github.io/html/free-15-subtraction-math-worksheet-for-grade-3-part-57-6330.html,https://mathworksheetkidscoloringgallery.github.io/images/free-15-subtraction-math-worksheet-for-grade-3-part-57-6330.jpg,Printable Worksheets,03/28/2026 11:00:00 AM
10 Times Table Worksheet For Grade 3 - Part 58 | Printable Practice,Free printable Times Table worksheet for Grade 3. Perfect for homeschool practice and classroom activities.,https://mathworksheetkidscoloringgallery.github.io/html/10-times-table-worksheet-for-grade-3-part-58-4759.html,https://mathworksheetkidscoloringgallery.github.io/images/10-times-table-worksheet-for-grade-3-part-58-4759.jpg,Elementary Math Activities,03/28/2026 01:29:00 PM
Printable Tracing Worksheet For Kids - Part 59 | Free Printable,Free printable Tracing worksheet for Kindergarten. Perfect for homeschool practice and classroom activities.,https://mathworksheetkidscoloringgallery.github.io/html/printable-tracing-worksheet-for-kids-part-59-5873.html,https://mathworksheetkidscoloringgallery.github.io/images/printable-tracing-worksheet-for-kids-part-59-5873.jpg,Elementary Math Activities,03/28/2026 04:33:00 PM
Math Word Problem Worksheet,Free printable Word Problem worksheet for Grade 3. Perfect for homeschool practice and classroom activities.,https://mathworksheetkidscoloringgallery.github.io/html/math-word-problem-worksheet-8062.html,https://mathworksheetkidscoloringgallery.github.io/images/math-word-problem-worksheet-8062.jpg,Printable Worksheets,03/28/2026 08:29:00 PM
Free 27 Addition Math Worksheet For Grade 5 With Answers - Part 61 | Printable Practice,Help kids master Addition with this printable worksheet for Grade 5. Great for daily math practice.,https://mathworksheetkidscoloringgallery.github.io/html/free-27-addition-math-worksheet-for-grade-5-with-answers-part-61-5962.html,https://mathworksheetkidscoloringgallery.github.io/images/free-27-addition-math-worksheet-for-grade-5-with-answers-part-61-5962.jpg,Homeschool Math,03/29/2026 08:34:00 AM
Printable Count and Color Worksheet for Grade 1 Kids,Fun and engaging Count and Color worksheet for Grade 1. Perfect printable math practice.,https://mathworksheetkidscoloringgallery.github.io/html/printable-count-and-color-worksheet-for-grade-1-kids-8672.html,https://mathworksheetkidscoloringgallery.github.io/images/printable-count-and-color-worksheet-for-grade-1-kids-8672.jpg,Elementary Math Activities,03/29/2026 11:00:00 AM
Free Counting Objects Worksheet For Kindergarten Printable - Part 63 | Printable Practice,Teachers and parents love this Counting Objects worksheet for Kindergarten. Download and print instantly.,https://mathworksheetkidscoloringgallery.github.io/html/free-counting-objects-worksheet-for-kindergarten-printable-part-63-8746.html,https://mathworksheetkidscoloringgallery.github.io/images/free-counting-objects-worksheet-for-kindergarten-printable-part-63-8746.jpg,Math Practice Printables,03/29/2026 01:36:00 PM
Free 24 Division Math Worksheet For Grade 2 With Answers - Part 64 | Printable Practice,Help kids master Division with this printable worksheet for Grade 2. Great for daily math practice.,https://mathworksheetkidscoloringgallery.github.io/html/free-24-division-math-worksheet-for-grade-2-with-answers-part-64-7070.html,https://mathworksheetkidscoloringgallery.github.io/images/free-24-division-math-worksheet-for-grade-2-with-answers-part-64-7070.jpg,Printable Worksheets,03/29/2026 04:35:00 PM
4 Math Challenge Practice Worksheet,Free printable Math worksheet for Math. Perfect for homeschool practice and classroom activities.,https://mathworksheetkidscoloringgallery.github.io/html/4-math-challenge-practice-worksheet-3427.html,https://mathworksheetkidscoloringgallery.github.io/images/4-math-challenge-practice-worksheet-3427.jpg,Elementary Math Activities,03/29/2026 08:38:00 PM
Missing Number Math Worksheet,Teachers and parents love this Missing Number worksheet for Grade 1. Download and print instantly.,https://mathworksheetkidscoloringgallery.github.io/html/missing-number-math-worksheet-7916.html,https://mathworksheetkidscoloringgallery.github.io/images/missing-number-math-worksheet-7916.jpg,Math Practice Printables,03/30/2026 08:35:00 AM
Mixed Operations Math Worksheet,Fun and engaging Mixed Operations worksheet for Grade 3. Perfect printable math practice.,https://mathworksheetkidscoloringgallery.github.io/html/mixed-operations-math-worksheet-5673.html,https://mathworksheetkidscoloringgallery.github.io/images/mixed-operations-math-worksheet-5673.jpg,Math Practice Printables,03/30/2026 11:00:00 AM
Grade 2 Multiplication Practice Worksheet (23 Problems) - Part 68 | Printable Practice,Help kids master Multiplication with this printable worksheet for Grade 2. Great for daily math practice.,https://mathworksheetkidscoloringgallery.github.io/html/grade-2-multiplication-practice-worksheet-23-problems-part-68-5758.html,https://mathworksheetkidscoloringgallery.github.io/images/grade-2-multiplication-practice-worksheet-23-problems-part-68-5758.jpg,Printable Worksheets,03/30/2026 01:27:00 PM
Free 22 Subtraction Math Worksheet For Grade 5 With Answers - Part 69 | Printable Practice,Fun and engaging Subtraction worksheet for Grade 5. Perfect printable math practice.,https://mathworksheetkidscoloringgallery.github.io/html/free-22-subtraction-math-worksheet-for-grade-5-with-answers-part-69-1024.html,https://mathworksheetkidscoloringgallery.github.io/images/free-22-subtraction-math-worksheet-for-grade-5-with-answers-part-69-1024.jpg,Elementary Math Activities,03/30/2026 04:28:00 PM
5 Times Table Worksheet For Grade 2 With Answers - Part 70 | Printable Practice,Fun and engaging Times Table worksheet for Grade 2. Perfect printable math practice.,https://mathworksheetkidscoloringgallery.github.io/html/5-times-table-worksheet-for-grade-2-with-answers-part-70-2408.html,https://mathworksheetkidscoloringgallery.github.io/images/5-times-table-worksheet-for-grade-2-with-answers-part-70-2408.jpg,Math Practice Printables,03/30/2026 08:29:00 PM
Printable Tracing Worksheet For Kids - Part 71 | Free Printable,Teachers and parents love this Tracing worksheet for Kindergarten. Download and print instantly.,https://mathworksheetkidscoloringgallery.github.io/html/printable-tracing-worksheet-for-kids-part-71-4588.html,https://mathworksheetkidscoloringgallery.github.io/images/printable-tracing-worksheet-for-kids-part-71-4588.jpg,Math Practice Printables,03/31/2026 08:26:00 AM
Math Word Problem Worksheet,Free printable Word Problem worksheet for Grade 3. Perfect for homeschool practice and classroom activities.,https://mathworksheetkidscoloringgallery.github.io/html/math-word-problem-worksheet-3782.html,https://mathworksheetkidscoloringgallery.github.io/images/math-word-problem-worksheet-3782.jpg,Homeschool Math,03/31/2026 11:01:00 AM
Printable Free 15 Addition Math Worksheet For Grade 3 - Part 73 | Printable Practice,Help kids master Addition with this printable worksheet for Grade 3. Great for daily math practice.,https://mathworksheetkidscoloringgallery.github.io/html/printable-free-15-addition-math-worksheet-for-grade-3-part-73-7792.html,https://mathworksheetkidscoloringgallery.github.io/images/printable-free-15-addition-math-worksheet-for-grade-3-part-73-7792.jpg,Kids Math Worksheets,03/31/2026 01:23:00 PM
Fun Count and Color Objects Worksheet for Grade 1,Help kids master Count and Color with this printable worksheet for Grade 1. Great for daily math practice.,https://mathworksheetkidscoloringgallery.github.io/html/fun-count-and-color-objects-worksheet-for-grade-1-4334.html,https://mathworksheetkidscoloringgallery.github.io/images/fun-count-and-color-objects-worksheet-for-grade-1-4334.jpg,Elementary Math Activities,03/31/2026 04:37:00 PM
Learn Counting With Pictures Worksheet (Kindergarten) - Part 75 | Printable Practice,Free printable Counting Objects worksheet for Kindergarten. Perfect for homeschool practice and classroom activities.,https://mathworksheetkidscoloringgallery.github.io/html/learn-counting-with-pictures-worksheet-kindergarten-part-75-2780.html,https://mathworksheetkidscoloringgallery.github.io/images/learn-counting-with-pictures-worksheet-kindergarten-part-75-2780.jpg,Elementary Math Activities,03/31/2026 08:32:00 PM
Printable Free 14 Division Math Worksheet For Grade 2 - Part 76 | Printable Practice,Help kids master Division with this printable worksheet for Grade 2. Great for daily math practice.,https://mathworksheetkidscoloringgallery.github.io/html/printable-free-14-division-math-worksheet-for-grade-2-part-76-4698.html,https://mathworksheetkidscoloringgallery.github.io/images/printable-free-14-division-math-worksheet-for-grade-2-part-76-4698.jpg,Elementary Math Activities,04/01/2026 08:38:00 AM
General Knowledge General Math Quiz for Students (4 Questions),Teachers and parents love this Math worksheet for Math. Download and print instantly.,https://mathworksheetkidscoloringgallery.github.io/html/general-knowledge-general-math-quiz-for-students-4-questions-2178.html,https://mathworksheetkidscoloringgallery.github.io/images/general-knowledge-general-math-quiz-for-students-4-questions-2178.jpg,Homeschool Math,04/01/2026 11:00:00 AM
Missing Number Math Worksheet,Printable Missing Number worksheet designed for Grade 1 students. Easy and fun math practice.,https://mathworksheetkidscoloringgallery.github.io/html/missing-number-math-worksheet-6731.html,https://mathworksheetkidscoloringgallery.github.io/images/missing-number-math-worksheet-6731.jpg,Homeschool Math,04/01/2026 01:35:00 PM
Mixed Operations Math Worksheet,Printable Mixed Operations worksheet designed for Grade 3 students. Easy and fun math practice.,https://mathworksheetkidscoloringgallery.github.io/html/mixed-operations-math-worksheet-8829.html,https://mathworksheetkidscoloringgallery.github.io/images/mixed-operations-math-worksheet-8829.jpg,Elementary Math Activities,04/01/2026 04:22:00 PM
Free 13 Multiplication Math Worksheet For Grade 2 With Answers - Part 80 | Printable Practice,Free printable Multiplication worksheet for Grade 2. Perfect for homeschool practice and classroom activities.,https://mathworksheetkidscoloringgallery.github.io/html/free-13-multiplication-math-worksheet-for-grade-2-with-answers-part-80-3121.html,https://mathworksheetkidscoloringgallery.github.io/images/free-13-multiplication-math-worksheet-for-grade-2-with-answers-part-80-3121.jpg,Math Practice Printables,04/01/2026 08:27:00 PM
Printable Free 26 Subtraction Math Worksheet For Grade 3 - Part 81 | Printable Practice,Free printable Subtraction worksheet for Grade 3. Perfect for homeschool practice and classroom activities.,https://mathworksheetkidscoloringgallery.github.io/html/printable-free-26-subtraction-math-worksheet-for-grade-3-part-81-3420.html,https://mathworksheetkidscoloringgallery.github.io/images/printable-free-26-subtraction-math-worksheet-for-grade-3-part-81-3420.jpg,Printable Worksheets,04/02/2026 08:31:00 AM
5 Times Table Worksheet For Grade 2 With Answers - Part 82 | Printable Practice,Help kids master Times Table with this printable worksheet for Grade 2. Great for daily math practice.,https://mathworksheetkidscoloringgallery.github.io/html/5-times-table-worksheet-for-grade-2-with-answers-part-82-3887.html,https://mathworksheetkidscoloringgallery.github.io/images/5-times-table-worksheet-for-grade-2-with-answers-part-82-3887.jpg,Printable Worksheets,04/02/2026 11:05:00 AM
Printable Tracing Worksheet For Kids - Part 83 | Free Printable,Printable Tracing worksheet designed for Preschool students. Easy and fun math practice.,https://mathworksheetkidscoloringgallery.github.io/html/printable-tracing-worksheet-for-kids-part-83-1664.html,https://mathworksheetkidscoloringgallery.github.io/images/printable-tracing-worksheet-for-kids-part-83-1664.jpg,Homeschool Math,04/02/2026 01:35:00 PM
Math Word Problem Worksheet,Teachers and parents love this Word Problem worksheet for Grade 3. Download and print instantly.,https://mathworksheetkidscoloringgallery.github.io/html/math-word-problem-worksheet-7862.html,https://mathworksheetkidscoloringgallery.github.io/images/math-word-problem-worksheet-7862.jpg,Printable Worksheets,04/02/2026 04:29:00 PM
Printable Free 28 Addition Math Worksheet For Grade 5 - Part 85 | Printable Practice,Free printable Addition worksheet for Grade 5. Perfect for homeschool practice and classroom activities.,https://mathworksheetkidscoloringgallery.github.io/html/printable-free-28-addition-math-worksheet-for-grade-5-part-85-8132.html,https://mathworksheetkidscoloringgallery.github.io/images/printable-free-28-addition-math-worksheet-for-grade-5-part-85-8132.jpg,Printable Worksheets,04/02/2026 08:32:00 PM
Printable Count and Color Worksheet for Preschool Kids,Fun and engaging Count and Color worksheet for Preschool. Perfect printable math practice.,https://mathworksheetkidscoloringgallery.github.io/html/printable-count-and-color-worksheet-for-preschool-kids-6247.html,https://mathworksheetkidscoloringgallery.github.io/images/printable-count-and-color-worksheet-for-preschool-kids-6247.jpg,Kids Math Worksheets,04/03/2026 08:31:00 AM
Free Counting Objects Worksheet For Kindergarten - Part 87 | Printable Practice,Printable Counting Objects worksheet designed for Kindergarten students. Easy and fun math practice.,https://mathworksheetkidscoloringgallery.github.io/html/free-counting-objects-worksheet-for-kindergarten-part-87-5657.html,https://mathworksheetkidscoloringgallery.github.io/images/free-counting-objects-worksheet-for-kindergarten-part-87-5657.jpg,Homeschool Math,04/03/2026 11:00:00 AM
Free 22 Division Math Worksheet For Grade 2 - Part 88 | Printable Practice,Teachers and parents love this Division worksheet for Grade 2. Download and print instantly.,https://mathworksheetkidscoloringgallery.github.io/html/free-22-division-math-worksheet-for-grade-2-part-88-2478.html,https://mathworksheetkidscoloringgallery.github.io/images/free-22-division-math-worksheet-for-grade-2-part-88-2478.jpg,Math Practice Printables,04/03/2026 01:30:00 PM
4 Mathematics Quiz Practice Worksheet,Fun and engaging Math worksheet for Math. Perfect printable math practice.,https://mathworksheetkidscoloringgallery.github.io/html/4-mathematics-quiz-practice-worksheet-9505.html,https://mathworksheetkidscoloringgallery.github.io/images/4-mathematics-quiz-practice-worksheet-9505.jpg,Math Practice Printables,04/03/2026 04:36:00 PM
Missing Number Math Worksheet,Fun and engaging Missing Number worksheet for Grade 1. Perfect printable math practice.,https://mathworksheetkidscoloringgallery.github.io/html/missing-number-math-worksheet-8255.html,https://mathworksheetkidscoloringgallery.github.io/images/missing-number-math-worksheet-8255.jpg,Kids Math Worksheets,04/03/2026 08:30:00 PM
Mixed Operations Math Worksheet,Printable Mixed Operations worksheet designed for Grade 3 students. Easy and fun math practice.,https://mathworksheetkidscoloringgallery.github.io/html/mixed-operations-math-worksheet-6180.html,https://mathworksheetkidscoloringgallery.github.io/images/mixed-operations-math-worksheet-6180.jpg,Homeschool Math,04/04/2026 08:33:00 AM
Free 24 Multiplication Math Worksheet For Grade 2 - Part 92 | Printable Practice,Help kids master Multiplication with this printable worksheet for Grade 2. Great for daily math practice.,https://mathworksheetkidscoloringgallery.github.io/html/free-24-multiplication-math-worksheet-for-grade-2-part-92-8133.html,https://mathworksheetkidscoloringgallery.github.io/images/free-24-multiplication-math-worksheet-for-grade-2-part-92-8133.jpg,Printable Worksheets,04/04/2026 11:00:00 AM
Free 25 Subtraction Math Worksheet For Grade 5 - Part 93 | Printable Practice,Help kids master Subtraction with this printable worksheet for Grade 5. Great for daily math practice.,https://mathworksheetkidscoloringgallery.github.io/html/free-25-subtraction-math-worksheet-for-grade-5-part-93-9739.html,https://mathworksheetkidscoloringgallery.github.io/images/free-25-subtraction-math-worksheet-for-grade-5-part-93-9739.jpg,Math Practice Printables,04/04/2026 01:23:00 PM
Grade 2 Multiplication Table 3 Practice - Part 94 | Printable Practice,Printable Times Table worksheet designed for Grade 2 students. Easy and fun math practice.,https://mathworksheetkidscoloringgallery.github.io/html/grade-2-multiplication-table-3-practice-part-94-7371.html,https://mathworksheetkidscoloringgallery.github.io/images/grade-2-multiplication-table-3-practice-part-94-7371.jpg,Elementary Math Activities,04/04/2026 04:27:00 PM
Printable Tracing Worksheet For Kids - Part 95 | Free Printable,Fun and engaging Tracing worksheet for Kindergarten. Perfect printable math practice.,https://mathworksheetkidscoloringgallery.github.io/html/printable-tracing-worksheet-for-kids-part-95-3918.html,https://mathworksheetkidscoloringgallery.github.io/images/printable-tracing-worksheet-for-kids-part-95-3918.jpg,Homeschool Math,04/04/2026 08:30:00 PM
Math Word Problem Worksheet,Help kids master Word Problem with this printable worksheet for Grade 3. Great for daily math practice.,https://mathworksheetkidscoloringgallery.github.io/html/math-word-problem-worksheet-8329.html,https://mathworksheetkidscoloringgallery.github.io/images/math-word-problem-worksheet-8329.jpg,Elementary Math Activities,04/05/2026 08:31:00 AM
Free 12 Addition Math Worksheet For Grade 3 - Part 97 | Printable Practice,Teachers and parents love this Addition worksheet for Grade 3. Download and print instantly.,https://mathworksheetkidscoloringgallery.github.io/html/free-12-addition-math-worksheet-for-grade-3-part-97-2651.html,https://mathworksheetkidscoloringgallery.github.io/images/free-12-addition-math-worksheet-for-grade-3-part-97-2651.jpg,Math Practice Printables,04/05/2026 11:00:00 AM
Free Preschool Count and Color Worksheet,Fun and engaging Count and Color worksheet for Preschool. Perfect printable math practice.,https://mathworksheetkidscoloringgallery.github.io/html/free-preschool-count-and-color-worksheet-4595.html,https://mathworksheetkidscoloringgallery.github.io/images/free-preschool-count-and-color-worksheet-4595.jpg,Kids Math Worksheets,04/05/2026 01:36:00 PM
Kindergarten Count The Objects Worksheet - Part 99 | Printable Practice,Free printable Counting Objects worksheet for Kindergarten. Perfect for homeschool practice and classroom activities.,https://mathworksheetkidscoloringgallery.github.io/html/kindergarten-count-the-objects-worksheet-part-99-4213.html,https://mathworksheetkidscoloringgallery.github.io/images/kindergarten-count-the-objects-worksheet-part-99-4213.jpg,Homeschool Math,04/05/2026 04:38:00 PM
Printable Free 30 Division Math Worksheet For Grade 2 - Part 100 | Printable Practice,Printable Division worksheet designed for Grade 2 students. Easy and fun math practice.,https://mathworksheetkidscoloringgallery.github.io/html/printable-free-30-division-math-worksheet-for-grade-2-part-100-3913.html,https://mathworksheetkidscoloringgallery.github.io/images/printable-free-30-division-math-worksheet-for-grade-2-part-100-3913.jpg,Kids Math Worksheets,04/05/2026 08:30:00 PM
Advanced Math Knowledge Test for Students (7 Questions),Teachers and parents love this Math worksheet for Math. Download and print instantly.,https://mathworksheetkidscoloringgallery.github.io/html/advanced-math-knowledge-test-for-students-7-questions-9811.html,https://mathworksheetkidscoloringgallery.github.io/images/advanced-math-knowledge-test-for-students-7-questions-9811.jpg,Printable Worksheets,04/06/2026 08:33:00 AM
Missing Number Math Worksheet,Fun and engaging Missing Number worksheet for Grade 1. Perfect printable math practice.,https://mathworksheetkidscoloringgallery.github.io/html/missing-number-math-worksheet-2366.html,https://mathworksheetkidscoloringgallery.github.io/images/missing-number-math-worksheet-2366.jpg,Elementary Math Activities,04/06/2026 11:00:00 AM
Mixed Operations Math Worksheet,Printable Mixed Operations worksheet designed for Grade 3 students. Easy and fun math practice.,https://mathworksheetkidscoloringgallery.github.io/html/mixed-operations-math-worksheet-4016.html,https://mathworksheetkidscoloringgallery.github.io/images/mixed-operations-math-worksheet-4016.jpg,Elementary Math Activities,04/06/2026 01:36:00 PM
Free 21 Multiplication Math Worksheet For Grade 1 - Part 104 | Printable Practice,Teachers and parents love this Multiplication worksheet for Grade 1. Download and print instantly.,https://mathworksheetkidscoloringgallery.github.io/html/free-21-multiplication-math-worksheet-for-grade-1-part-104-4983.html,https://mathworksheetkidscoloringgallery.github.io/images/free-21-multiplication-math-worksheet-for-grade-1-part-104-4983.jpg,Math Practice Printables,04/06/2026 04:22:00 PM
Printable Free 15 Subtraction Math Worksheet For Grade 3 - Part 105 | Printable Practice,Teachers and parents love this Subtraction worksheet for Grade 3. Download and print instantly.,https://mathworksheetkidscoloringgallery.github.io/html/printable-free-15-subtraction-math-worksheet-for-grade-3-part-105-4908.html,https://mathworksheetkidscoloringgallery.github.io/images/printable-free-15-subtraction-math-worksheet-for-grade-3-part-105-4908.jpg,Homeschool Math,04/06/2026 08:31:00 PM
6 Times Table Worksheet For Grade 3 - Part 106 | Printable Practice,Free printable Times Table worksheet for Grade 3. Perfect for homeschool practice and classroom activities.,https://mathworksheetkidscoloringgallery.github.io/html/6-times-table-worksheet-for-grade-3-part-106-8794.html,https://mathworksheetkidscoloringgallery.github.io/images/6-times-table-worksheet-for-grade-3-part-106-8794.jpg,Math Practice Printables,04/07/2026 08:24:00 AM
Printable Tracing Worksheet For Kids - Part 107 | Free Printable,Fun and engaging Tracing worksheet for Kindergarten. Perfect printable math practice.,https://mathworksheetkidscoloringgallery.github.io/html/printable-tracing-worksheet-for-kids-part-107-6466.html,https://mathworksheetkidscoloringgallery.github.io/images/printable-tracing-worksheet-for-kids-part-107-6466.jpg,Elementary Math Activities,04/07/2026 11:00:00 AM
Math Word Problem Worksheet,Free printable Word Problem worksheet for Grade 3. Perfect for homeschool practice and classroom activities.,https://mathworksheetkidscoloringgallery.github.io/html/math-word-problem-worksheet-2021.html,https://mathworksheetkidscoloringgallery.github.io/images/math-word-problem-worksheet-2021.jpg,Elementary Math Activities,04/07/2026 01:22:00 PM
Grade 3 Addition Practice Worksheet (15 Problems) - Part 109 | Printable Practice,Free printable Addition worksheet for Grade 3. Perfect for homeschool practice and classroom activities.,https://mathworksheetkidscoloringgallery.github.io/html/grade-3-addition-practice-worksheet-15-problems-part-109-4891.html,https://mathworksheetkidscoloringgallery.github.io/images/grade-3-addition-practice-worksheet-15-problems-part-109-4891.jpg,Kids Math Worksheets,04/07/2026 04:29:00 PM
5 Free Count and Color Worksheets for Preschool,Printable Count and Color worksheet designed for Preschool students. Easy and fun math practice.,https://mathworksheetkidscoloringgallery.github.io/html/5-free-count-and-color-worksheets-for-preschool-8634.html,https://mathworksheetkidscoloringgallery.github.io/images/5-free-count-and-color-worksheets-for-preschool-8634.jpg,Elementary Math Activities,04/07/2026 08:29:00 PM
Free Counting Objects Worksheet For Pre-K - Part 111 | Printable Practice,Teachers and parents love this Counting Objects worksheet for Pre-K. Download and print instantly.,https://mathworksheetkidscoloringgallery.github.io/html/free-counting-objects-worksheet-for-pre-k-part-111-1062.html,https://mathworksheetkidscoloringgallery.github.io/images/free-counting-objects-worksheet-for-pre-k-part-111-1062.jpg,Kids Math Worksheets,04/08/2026 08:36:00 AM
Free 12 Division Math Worksheet For Grade 1 - Part 112 | Printable Practice,Printable Division worksheet designed for Grade 1 students. Easy and fun math practice.,https://mathworksheetkidscoloringgallery.github.io/html/free-12-division-math-worksheet-for-grade-1-part-112-4896.html,https://mathworksheetkidscoloringgallery.github.io/images/free-12-division-math-worksheet-for-grade-1-part-112-4896.jpg,Kids Math Worksheets,04/08/2026 11:05:00 AM
General Knowledge Math Knowledge Test Worksheet for Students,Printable Math worksheet designed for Math students. Easy and fun math practice.,https://mathworksheetkidscoloringgallery.github.io/html/general-knowledge-math-knowledge-test-worksheet-for-students-8850.html,https://mathworksheetkidscoloringgallery.github.io/images/general-knowledge-math-knowledge-test-worksheet-for-students-8850.jpg,Math Practice Printables,04/08/2026 01:22:00 PM
Missing Number Math Worksheet,Teachers and parents love this Missing Number worksheet for Grade 1. Download and print instantly.,https://mathworksheetkidscoloringgallery.github.io/html/missing-number-math-worksheet-3442.html,https://mathworksheetkidscoloringgallery.github.io/images/missing-number-math-worksheet-3442.jpg,Homeschool Math,04/08/2026 04:37:00 PM
Mixed Operations Math Worksheet,Teachers and parents love this Mixed Operations worksheet for Grade 3. Download and print instantly.,https://mathworksheetkidscoloringgallery.github.io/html/mixed-operations-math-worksheet-6531.html,https://mathworksheetkidscoloringgallery.github.io/images/mixed-operations-math-worksheet-6531.jpg,Math Practice Printables,04/08/2026 08:33:00 PM
Free 21 Multiplication Math Worksheet For Grade 1 - Part 116 | Printable Practice,Fun and engaging Multiplication worksheet for Grade 1. Perfect printable math practice.,https://mathworksheetkidscoloringgallery.github.io/html/free-21-multiplication-math-worksheet-for-grade-1-part-116-7528.html,https://mathworksheetkidscoloringgallery.github.io/images/free-21-multiplication-math-worksheet-for-grade-1-part-116-7528.jpg,Printable Worksheets,04/09/2026 08:25:00 AM
Free 11 Subtraction Math Worksheet For Grade 2 - Part 117 | Printable Practice,Fun and engaging Subtraction worksheet for Grade 2. Perfect printable math practice.,https://mathworksheetkidscoloringgallery.github.io/html/free-11-subtraction-math-worksheet-for-grade-2-part-117-5961.html,https://mathworksheetkidscoloringgallery.github.io/images/free-11-subtraction-math-worksheet-for-grade-2-part-117-5961.jpg,Kids Math Worksheets,04/09/2026 11:00:00 AM
10 Times Table Worksheet For Grade 3 - Part 118 | Printable Practice,Teachers and parents love this Times Table worksheet for Grade 3. Download and print instantly.,https://mathworksheetkidscoloringgallery.github.io/html/10-times-table-worksheet-for-grade-3-part-118-5423.html,https://mathworksheetkidscoloringgallery.github.io/images/10-times-table-worksheet-for-grade-3-part-118-5423.jpg,Kids Math Worksheets,04/09/2026 01:23:00 PM
Printable Tracing Worksheet For Kids - Part 119 | Free Printable,Help kids master Tracing with this printable worksheet for Preschool. Great for daily math practice.,https://mathworksheetkidscoloringgallery.github.io/html/printable-tracing-worksheet-for-kids-part-119-5856.html,https://mathworksheetkidscoloringgallery.github.io/images/printable-tracing-worksheet-for-kids-part-119-5856.jpg,Math Practice Printables,04/09/2026 04:35:00 PM
Math Word Problem Worksheet,Fun and engaging Word Problem worksheet for Grade 3. Perfect printable math practice.,https://mathworksheetkidscoloringgallery.github.io/html/math-word-problem-worksheet-3788.html,https://mathworksheetkidscoloringgallery.github.io/images/math-word-problem-worksheet-3788.jpg,Printable Worksheets,04/09/2026 08:35:00 PM
Printable Free 24 Addition Math Worksheet For Grade 5 - Part 121 | Printable Practice,Help kids master Addition with this printable worksheet for Grade 5. Great for daily math practice.,https://mathworksheetkidscoloringgallery.github.io/html/printable-free-24-addition-math-worksheet-for-grade-5-part-121-6983.html,https://mathworksheetkidscoloringgallery.github.io/images/printable-free-24-addition-math-worksheet-for-grade-5-part-121-6983.jpg,Homeschool Math,04/10/2026 08:33:00 AM
Fun Count and Color Objects Worksheet for Preschool,Free printable Count and Color worksheet for Preschool. Perfect for homeschool practice and classroom activities.,https://mathworksheetkidscoloringgallery.github.io/html/fun-count-and-color-objects-worksheet-for-preschool-7570.html,https://mathworksheetkidscoloringgallery.github.io/images/fun-count-and-color-objects-worksheet-for-preschool-7570.jpg,Printable Worksheets,04/10/2026 11:08:00 AM
Kindergarten Count The Objects Worksheet - Part 123 | Printable Practice,Printable Counting Objects worksheet designed for Kindergarten students. Easy and fun math practice.,https://mathworksheetkidscoloringgallery.github.io/html/kindergarten-count-the-objects-worksheet-part-123-5200.html,https://mathworksheetkidscoloringgallery.github.io/images/kindergarten-count-the-objects-worksheet-part-123-5200.jpg,Elementary Math Activities,04/10/2026 01:26:00 PM
Free 10 Division Math Worksheet For Grade 1 - Part 124 | Printable Practice,Printable Division worksheet designed for Grade 1 students. Easy and fun math practice.,https://mathworksheetkidscoloringgallery.github.io/html/free-10-division-math-worksheet-for-grade-1-part-124-3764.html,https://mathworksheetkidscoloringgallery.github.io/images/free-10-division-math-worksheet-for-grade-1-part-124-3764.jpg,Kids Math Worksheets,04/10/2026 04:24:00 PM
Complete Mathematics Quiz Printable Worksheet for Students,Fun and engaging Math worksheet for Math. Perfect printable math practice.,https://mathworksheetkidscoloringgallery.github.io/html/complete-mathematics-quiz-printable-worksheet-for-students-8329.html,https://mathworksheetkidscoloringgallery.github.io/images/complete-mathematics-quiz-printable-worksheet-for-students-8329.jpg,Kids Math Worksheets,04/10/2026 08:25:00 PM
Missing Number Math Worksheet,Help kids master Missing Number with this printable worksheet for Grade 1. Great for daily math practice.,https://mathworksheetkidscoloringgallery.github.io/html/missing-number-math-worksheet-3793.html,https://mathworksheetkidscoloringgallery.github.io/images/missing-number-math-worksheet-3793.jpg,Printable Worksheets,04/11/2026 08:24:00 AM
Mixed Operations Math Worksheet,Printable Mixed Operations worksheet designed for Grade 3 students. Easy and fun math practice.,https://mathworksheetkidscoloringgallery.github.io/html/mixed-operations-math-worksheet-2140.html,https://mathworksheetkidscoloringgallery.github.io/images/mixed-operations-math-worksheet-2140.jpg,Elementary Math Activities,04/11/2026 11:00:00 AM
Printable Free 26 Multiplication Math Worksheet For Grade 1 - Part 128 | Printable Practice,Teachers and parents love this Multiplication worksheet for Grade 1. Download and print instantly.,https://mathworksheetkidscoloringgallery.github.io/html/printable-free-26-multiplication-math-worksheet-for-grade-1-part-128-5405.html,https://mathworksheetkidscoloringgallery.github.io/images/printable-free-26-multiplication-math-worksheet-for-grade-1-part-128-5405.jpg,Kids Math Worksheets,04/11/2026 01:35:00 PM
Free 14 Subtraction Math Worksheet For Grade 2 - Part 129 | Printable Practice,Help kids master Subtraction with this printable worksheet for Grade 2. Great for daily math practice.,https://mathworksheetkidscoloringgallery.github.io/html/free-14-subtraction-math-worksheet-for-grade-2-part-129-1002.html,https://mathworksheetkidscoloringgallery.github.io/images/free-14-subtraction-math-worksheet-for-grade-2-part-129-1002.jpg,Printable Worksheets,04/11/2026 04:26:00 PM
Printable 11 Times Table Worksheet For Grade 4 - Part 130 | Printable Practice,Teachers and parents love this Times Table worksheet for Grade 4. Download and print instantly.,https://mathworksheetkidscoloringgallery.github.io/html/printable-11-times-table-worksheet-for-grade-4-part-130-3361.html,https://mathworksheetkidscoloringgallery.github.io/images/printable-11-times-table-worksheet-for-grade-4-part-130-3361.jpg,Elementary Math Activities,04/11/2026 08:26:00 PM
Printable Tracing Worksheet For Kids - Part 131 | Free Printable,Help kids master Tracing with this printable worksheet for Preschool. Great for daily math practice.,https://mathworksheetkidscoloringgallery.github.io/html/printable-tracing-worksheet-for-kids-part-131-9392.html,https://mathworksheetkidscoloringgallery.github.io/images/printable-tracing-worksheet-for-kids-part-131-9392.jpg,Kids Math Worksheets,04/12/2026 08:25:00 AM
Math Word Problem Worksheet,Teachers and parents love this Word Problem worksheet for Grade 3. Download and print instantly.,https://mathworksheetkidscoloringgallery.github.io/html/math-word-problem-worksheet-9424.html,https://mathworksheetkidscoloringgallery.github.io/images/math-word-problem-worksheet-9424.jpg,Kids Math Worksheets,04/12/2026 11:00:00 AM
Grade 3 Addition Practice Worksheet (12 Problems) - Part 133 | Printable Practice,Help kids master Addition with this printable worksheet for Grade 3. Great for daily math practice.,https://mathworksheetkidscoloringgallery.github.io/html/grade-3-addition-practice-worksheet-12-problems-part-133-5417.html,https://mathworksheetkidscoloringgallery.github.io/images/grade-3-addition-practice-worksheet-12-problems-part-133-5417.jpg,Math Practice Printables,04/12/2026 01:30:00 PM
Fun Count and Color Objects Worksheet for Grade 1,Teachers and parents love this Count and Color worksheet for Grade 1. Download and print instantly.,https://mathworksheetkidscoloringgallery.github.io/html/fun-count-and-color-objects-worksheet-for-grade-1-4821.html,https://mathworksheetkidscoloringgallery.github.io/images/fun-count-and-color-objects-worksheet-for-grade-1-4821.jpg,Homeschool Math,04/12/2026 04:37:00 PM
Free Counting Objects Worksheet For Kindergarten - Part 135 | Printable Practice,Printable Counting Objects worksheet designed for Kindergarten students. Easy and fun math practice.,https://mathworksheetkidscoloringgallery.github.io/html/free-counting-objects-worksheet-for-kindergarten-part-135-1793.html,https://mathworksheetkidscoloringgallery.github.io/images/free-counting-objects-worksheet-for-kindergarten-part-135-1793.jpg,Math Practice Printables,04/12/2026 08:26:00 PM
Grade 2 Division Practice Worksheet (28 Problems) - Part 136 | Printable Practice,Printable Division worksheet designed for Grade 2 students. Easy and fun math practice.,https://mathworksheetkidscoloringgallery.github.io/html/grade-2-division-practice-worksheet-28-problems-part-136-3769.html,https://mathworksheetkidscoloringgallery.github.io/images/grade-2-division-practice-worksheet-28-problems-part-136-3769.jpg,Kids Math Worksheets,04/13/2026 08:35:00 AM
4 Math Challenge Worksheet,Teachers and parents love this Math worksheet for Math. Download and print instantly.,https://mathworksheetkidscoloringgallery.github.io/html/4-math-challenge-worksheet-7141.html,https://mathworksheetkidscoloringgallery.github.io/images/4-math-challenge-worksheet-7141.jpg,Printable Worksheets,04/13/2026 11:01:00 AM
Missing Number Math Worksheet,Printable Missing Number worksheet designed for Grade 1 students. Easy and fun math practice.,https://mathworksheetkidscoloringgallery.github.io/html/missing-number-math-worksheet-1439.html,https://mathworksheetkidscoloringgallery.github.io/images/missing-number-math-worksheet-1439.jpg,Math Practice Printables,04/13/2026 01:37:00 PM
Mixed Operations Math Worksheet,Fun and engaging Mixed Operations worksheet for Grade 3. Perfect printable math practice.,https://mathworksheetkidscoloringgallery.github.io/html/mixed-operations-math-worksheet-5210.html,https://mathworksheetkidscoloringgallery.github.io/images/mixed-operations-math-worksheet-5210.jpg,Elementary Math Activities,04/13/2026 04:27:00 PM
Free 12 Multiplication Math Worksheet For Grade 2 With Answers - Part 140 | Printable Practice,Teachers and parents love this Multiplication worksheet for Grade 2. Download and print instantly.,https://mathworksheetkidscoloringgallery.github.io/html/free-12-multiplication-math-worksheet-for-grade-2-with-answers-part-140-7055.html,https://mathworksheetkidscoloringgallery.github.io/images/free-12-multiplication-math-worksheet-for-grade-2-with-answers-part-140-7055.jpg,Kids Math Worksheets,04/13/2026 08:35:00 PM
Grade 2 Subtraction Practice Worksheet (21 Problems) - Part 141 | Printable Practice,Printable Subtraction worksheet designed for Grade 2 students. Easy and fun math practice.,https://mathworksheetkidscoloringgallery.github.io/html/grade-2-subtraction-practice-worksheet-21-problems-part-141-5587.html,https://mathworksheetkidscoloringgallery.github.io/images/grade-2-subtraction-practice-worksheet-21-problems-part-141-5587.jpg,Math Practice Printables,04/14/2026 08:23:00 AM
9 Times Table Worksheet For Grade 3 - Part 142 | Printable Practice,Help kids master Times Table with this printable worksheet for Grade 3. Great for daily math practice.,https://mathworksheetkidscoloringgallery.github.io/html/9-times-table-worksheet-for-grade-3-part-142-7796.html,https://mathworksheetkidscoloringgallery.github.io/images/9-times-table-worksheet-for-grade-3-part-142-7796.jpg,Kids Math Worksheets,04/14/2026 11:00:00 AM
Printable Tracing Worksheet For Kids - Part 143 | Free Printable,Free printable Tracing worksheet for Preschool. Perfect for homeschool practice and classroom activities.,https://mathworksheetkidscoloringgallery.github.io/html/printable-tracing-worksheet-for-kids-part-143-8340.html,https://mathworksheetkidscoloringgallery.github.io/images/printable-tracing-worksheet-for-kids-part-143-8340.jpg,Kids Math Worksheets,04/14/2026 01:26:00 PM
Math Word Problem Worksheet,Teachers and parents love this Word Problem worksheet for Grade 3. Download and print instantly.,https://mathworksheetkidscoloringgallery.github.io/html/math-word-problem-worksheet-2202.html,https://mathworksheetkidscoloringgallery.github.io/images/math-word-problem-worksheet-2202.jpg,Printable Worksheets,04/14/2026 04:32:00 PM
Grade 3 Addition Practice Worksheet (14 Problems) - Part 145 | Printable Practice,Teachers and parents love this Addition worksheet for Grade 3. Download and print instantly.,https://mathworksheetkidscoloringgallery.github.io/html/grade-3-addition-practice-worksheet-14-problems-part-145-3673.html,https://mathworksheetkidscoloringgallery.github.io/images/grade-3-addition-practice-worksheet-14-problems-part-145-3673.jpg,Math Practice Printables,04/14/2026 08:24:00 PM
Fun Count and Color Objects Worksheet for Preschool,Teachers and parents love this Count and Color worksheet for Preschool. Download and print instantly.,https://mathworksheetkidscoloringgallery.github.io/html/fun-count-and-color-objects-worksheet-for-preschool-2245.html,https://mathworksheetkidscoloringgallery.github.io/images/fun-count-and-color-objects-worksheet-for-preschool-2245.jpg,Elementary Math Activities,04/15/2026 08:27:00 AM
Pre-K Count The Objects Worksheet - Part 147 | Printable Practice,Fun and engaging Counting Objects worksheet for Pre-K. Perfect printable math practice.,https://mathworksheetkidscoloringgallery.github.io/html/pre-k-count-the-objects-worksheet-part-147-1562.html,https://mathworksheetkidscoloringgallery.github.io/images/pre-k-count-the-objects-worksheet-part-147-1562.jpg,Elementary Math Activities,04/15/2026 11:00:00 AM
Grade 2 Division Practice Worksheet (28 Problems) - Part 148 | Printable Practice,Free printable Division worksheet for Grade 2. Perfect for homeschool practice and classroom activities.,https://mathworksheetkidscoloringgallery.github.io/html/grade-2-division-practice-worksheet-28-problems-part-148-7527.html,https://mathworksheetkidscoloringgallery.github.io/images/grade-2-division-practice-worksheet-28-problems-part-148-7527.jpg,Math Practice Printables,04/15/2026 01:35:00 PM
8 Math Questions Quiz Worksheet for High School Students,Printable Math worksheet designed for Math students. Easy and fun math practice.,https://mathworksheetkidscoloringgallery.github.io/html/8-math-questions-quiz-worksheet-for-high-school-students-3281.html,https://mathworksheetkidscoloringgallery.github.io/images/8-math-questions-quiz-worksheet-for-high-school-students-3281.jpg,Elementary Math Activities,04/15/2026 04:22:00 PM
Missing Number Math Worksheet,Fun and engaging Missing Number worksheet for Grade 1. Perfect printable math practice.,https://mathworksheetkidscoloringgallery.github.io/html/missing-number-math-worksheet-7318.html,https://mathworksheetkidscoloringgallery.github.io/images/missing-number-math-worksheet-7318.jpg,Homeschool Math,04/15/2026 08:38:00 PM
Mixed Operations Math Worksheet,Fun and engaging Mixed Operations worksheet for Grade 3. Perfect printable math practice.,https://mathworksheetkidscoloringgallery.github.io/html/mixed-operations-math-worksheet-4227.html,https://mathworksheetkidscoloringgallery.github.io/images/mixed-operations-math-worksheet-4227.jpg,Homeschool Math,04/16/2026 08:25:00 AM
Free 29 Multiplication Math Worksheet For Grade 2 - Part 152 | Printable Practice,Printable Multiplication worksheet designed for Grade 2 students. Easy and fun math practice.,https://mathworksheetkidscoloringgallery.github.io/html/free-29-multiplication-math-worksheet-for-grade-2-part-152-8705.html,https://mathworksheetkidscoloringgallery.github.io/images/free-29-multiplication-math-worksheet-for-grade-2-part-152-8705.jpg,Homeschool Math,04/16/2026 11:00:00 AM
Grade 5 Subtraction Practice Worksheet (23 Problems) - Part 153 | Printable Practice,Teachers and parents love this Subtraction worksheet for Grade 5. Download and print instantly.,https://mathworksheetkidscoloringgallery.github.io/html/grade-5-subtraction-practice-worksheet-23-problems-part-153-6279.html,https://mathworksheetkidscoloringgallery.github.io/images/grade-5-subtraction-practice-worksheet-23-problems-part-153-6279.jpg,Elementary Math Activities,04/16/2026 01:27:00 PM
5 Times Table Worksheet For Grade 2 With Answers - Part 154 | Printable Practice,Help kids master Times Table with this printable worksheet for Grade 2. Great for daily math practice.,https://mathworksheetkidscoloringgallery.github.io/html/5-times-table-worksheet-for-grade-2-with-answers-part-154-6157.html,https://mathworksheetkidscoloringgallery.github.io/images/5-times-table-worksheet-for-grade-2-with-answers-part-154-6157.jpg,Math Practice Printables,04/16/2026 04:31:00 PM
Printable Tracing Worksheet For Kids - Part 155 | Free Printable,Fun and engaging Tracing worksheet for Kindergarten. Perfect printable math practice.,https://mathworksheetkidscoloringgallery.github.io/html/printable-tracing-worksheet-for-kids-part-155-3750.html,https://mathworksheetkidscoloringgallery.github.io/images/printable-tracing-worksheet-for-kids-part-155-3750.jpg,Printable Worksheets,04/16/2026 08:37:00 PM
Math Word Problem Worksheet,Help kids master Word Problem with this printable worksheet for Grade 3. Great for daily math practice.,https://mathworksheetkidscoloringgallery.github.io/html/math-word-problem-worksheet-3632.html,https://mathworksheetkidscoloringgallery.github.io/images/math-word-problem-worksheet-3632.jpg,Printable Worksheets,04/17/2026 08:22:00 AM
Free 29 Addition Math Worksheet For Grade 5 With Answers - Part 157 | Printable Practice,Fun and engaging Addition worksheet for Grade 5. Perfect printable math practice.,https://mathworksheetkidscoloringgallery.github.io/html/free-29-addition-math-worksheet-for-grade-5-with-answers-part-157-2101.html,https://mathworksheetkidscoloringgallery.github.io/images/free-29-addition-math-worksheet-for-grade-5-with-answers-part-157-2101.jpg,Kids Math Worksheets,04/17/2026 11:08:00 AM
5 Free Count and Color Worksheets for Preschool,Fun and engaging Count and Color worksheet for Preschool. Perfect printable math practice.,https://mathworksheetkidscoloringgallery.github.io/html/5-free-count-and-color-worksheets-for-preschool-4642.html,https://mathworksheetkidscoloringgallery.github.io/images/5-free-count-and-color-worksheets-for-preschool-4642.jpg,Printable Worksheets,04/17/2026 01:28:00 PM
Free Counting Objects Worksheet For Pre-K Printable - Part 159 | Printable Practice,Help kids master Counting Objects with this printable worksheet for Pre-K. Great for daily math practice.,https://mathworksheetkidscoloringgallery.github.io/html/free-counting-objects-worksheet-for-pre-k-printable-part-159-2283.html,https://mathworksheetkidscoloringgallery.github.io/images/free-counting-objects-worksheet-for-pre-k-printable-part-159-2283.jpg,Elementary Math Activities,04/17/2026 04:30:00 PM
Grade 2 Division Practice Worksheet (29 Problems) - Part 160 | Printable Practice,Free printable Division worksheet for Grade 2. Perfect for homeschool practice and classroom activities.,https://mathworksheetkidscoloringgallery.github.io/html/grade-2-division-practice-worksheet-29-problems-part-160-6505.html,https://mathworksheetkidscoloringgallery.github.io/images/grade-2-division-practice-worksheet-29-problems-part-160-6505.jpg,Printable Worksheets,04/17/2026 08:33:00 PM
4 Math Quiz for Students,Teachers and parents love this Math worksheet for Math. Download and print instantly.,https://mathworksheetkidscoloringgallery.github.io/html/4-math-quiz-for-students-7371.html,https://mathworksheetkidscoloringgallery.github.io/images/4-math-quiz-for-students-7371.jpg,Kids Math Worksheets,04/18/2026 08:29:00 AM
Missing Number Math Worksheet,Teachers and parents love this Missing Number worksheet for Grade 1. Download and print instantly.,https://mathworksheetkidscoloringgallery.github.io/html/missing-number-math-worksheet-5758.html,https://mathworksheetkidscoloringgallery.github.io/images/missing-number-math-worksheet-5758.jpg,Printable Worksheets,04/18/2026 11:04:00 AM
Mixed Operations Math Worksheet,Free printable Mixed Operations worksheet for Grade 3. Perfect for homeschool practice and classroom activities.,https://mathworksheetkidscoloringgallery.github.io/html/mixed-operations-math-worksheet-5163.html,https://mathworksheetkidscoloringgallery.github.io/images/mixed-operations-math-worksheet-5163.jpg,Printable Worksheets,04/18/2026 01:30:00 PM
Free 18 Multiplication Math Worksheet For Grade 2 With Answers - Part 164 | Printable Practice,Teachers and parents love this Multiplication worksheet for Grade 2. Download and print instantly.,https://mathworksheetkidscoloringgallery.github.io/html/free-18-multiplication-math-worksheet-for-grade-2-with-answers-part-164-7755.html,https://mathworksheetkidscoloringgallery.github.io/images/free-18-multiplication-math-worksheet-for-grade-2-with-answers-part-164-7755.jpg,Elementary Math Activities,04/18/2026 04:37:00 PM
Printable Free 10 Subtraction Math Worksheet For Grade 5 - Part 165 | Printable Practice,Printable Subtraction worksheet designed for Grade 5 students. Easy and fun math practice.,https://mathworksheetkidscoloringgallery.github.io/html/printable-free-10-subtraction-math-worksheet-for-grade-5-part-165-4929.html,https://mathworksheetkidscoloringgallery.github.io/images/printable-free-10-subtraction-math-worksheet-for-grade-5-part-165-4929.jpg,Printable Worksheets,04/18/2026 08:28:00 PM
2 Times Table Worksheet For Grade 2 - Part 166 | Printable Practice,Teachers and parents love this Times Table worksheet for Grade 2. Download and print instantly.,https://mathworksheetkidscoloringgallery.github.io/html/2-times-table-worksheet-for-grade-2-part-166-8273.html,https://mathworksheetkidscoloringgallery.github.io/images/2-times-table-worksheet-for-grade-2-part-166-8273.jpg,Printable Worksheets,04/19/2026 08:28:00 AM
Printable Tracing Worksheet For Kids - Part 167 | Free Printable,Fun and engaging Tracing worksheet for Kindergarten. Perfect printable math practice.,https://mathworksheetkidscoloringgallery.github.io/html/printable-tracing-worksheet-for-kids-part-167-8858.html,https://mathworksheetkidscoloringgallery.github.io/images/printable-tracing-worksheet-for-kids-part-167-8858.jpg,Kids Math Worksheets,04/19/2026 11:00:00 AM
Math Word Problem Worksheet,Fun and engaging Word Problem worksheet for Grade 3. Perfect printable math practice.,https://mathworksheetkidscoloringgallery.github.io/html/math-word-problem-worksheet-9568.html,https://mathworksheetkidscoloringgallery.github.io/images/math-word-problem-worksheet-9568.jpg,Kids Math Worksheets,04/19/2026 01:27:00 PM
Grade 5 Addition Practice Worksheet (21 Problems) - Part 169 | Printable Practice,Printable Addition worksheet designed for Grade 5 students. Easy and fun math practice.,https://mathworksheetkidscoloringgallery.github.io/html/grade-5-addition-practice-worksheet-21-problems-part-169-4719.html,https://mathworksheetkidscoloringgallery.github.io/images/grade-5-addition-practice-worksheet-21-problems-part-169-4719.jpg,Printable Worksheets,04/19/2026 04:32:00 PM
Printable Count and Color Worksheet for Kindergarten Kids,Fun and engaging Count and Color worksheet for Kindergarten. Perfect printable math practice.,https://mathworksheetkidscoloringgallery.github.io/html/printable-count-and-color-worksheet-for-kindergarten-kids-6283.html,https://mathworksheetkidscoloringgallery.github.io/images/printable-count-and-color-worksheet-for-kindergarten-kids-6283.jpg,Math Practice Printables,04/19/2026 08:30:00 PM
Free Counting Objects Worksheet For Kindergarten - Part 171 | Printable Practice,Printable Counting Objects worksheet designed for Kindergarten students. Easy and fun math practice.,https://mathworksheetkidscoloringgallery.github.io/html/free-counting-objects-worksheet-for-kindergarten-part-171-6533.html,https://mathworksheetkidscoloringgallery.github.io/images/free-counting-objects-worksheet-for-kindergarten-part-171-6533.jpg,Homeschool Math,04/20/2026 08:35:00 AM
Printable Free 26 Division Math Worksheet For Grade 2 - Part 172 | Printable Practice,Printable Division worksheet designed for Grade 2 students. Easy and fun math practice.,https://mathworksheetkidscoloringgallery.github.io/html/printable-free-26-division-math-worksheet-for-grade-2-part-172-2068.html,https://mathworksheetkidscoloringgallery.github.io/images/printable-free-26-division-math-worksheet-for-grade-2-part-172-2068.jpg,Kids Math Worksheets,04/20/2026 11:00:00 AM
4 Math Skill Test Practice Worksheet,Free printable Math worksheet for Math. Perfect for homeschool practice and classroom activities.,https://mathworksheetkidscoloringgallery.github.io/html/4-math-skill-test-practice-worksheet-9090.html,https://mathworksheetkidscoloringgallery.github.io/images/4-math-skill-test-practice-worksheet-9090.jpg,Kids Math Worksheets,04/20/2026 01:34:00 PM
Missing Number Math Worksheet,Teachers and parents love this Missing Number worksheet for Grade 1. Download and print instantly.,https://mathworksheetkidscoloringgallery.github.io/html/missing-number-math-worksheet-4554.html,https://mathworksheetkidscoloringgallery.github.io/images/missing-number-math-worksheet-4554.jpg,Homeschool Math,04/20/2026 04:25:00 PM
Mixed Operations Math Worksheet,Printable Mixed Operations worksheet designed for Grade 3 students. Easy and fun math practice.,https://mathworksheetkidscoloringgallery.github.io/html/mixed-operations-math-worksheet-1374.html,https://mathworksheetkidscoloringgallery.github.io/images/mixed-operations-math-worksheet-1374.jpg,Kids Math Worksheets,04/20/2026 08:25:00 PM
Free 10 Multiplication Math Worksheet For Grade 2 With Answers - Part 176 | Printable Practice,Printable Multiplication worksheet designed for Grade 2 students. Easy and fun math practice.,https://mathworksheetkidscoloringgallery.github.io/html/free-10-multiplication-math-worksheet-for-grade-2-with-answers-part-176-8053.html,https://mathworksheetkidscoloringgallery.github.io/images/free-10-multiplication-math-worksheet-for-grade-2-with-answers-part-176-8053.jpg,Kids Math Worksheets,04/21/2026 08:34:00 AM
Free 19 Subtraction Math Worksheet For Grade 5 With Answers - Part 177 | Printable Practice,Teachers and parents love this Subtraction worksheet for Grade 5. Download and print instantly.,https://mathworksheetkidscoloringgallery.github.io/html/free-19-subtraction-math-worksheet-for-grade-5-with-answers-part-177-1117.html,https://mathworksheetkidscoloringgallery.github.io/images/free-19-subtraction-math-worksheet-for-grade-5-with-answers-part-177-1117.jpg,Printable Worksheets,04/21/2026 11:01:00 AM
8 Times Table Worksheet For Grade 3 - Part 178 | Printable Practice,Fun and engaging Times Table worksheet for Grade 3. Perfect printable math practice.,https://mathworksheetkidscoloringgallery.github.io/html/8-times-table-worksheet-for-grade-3-part-178-2218.html,https://mathworksheetkidscoloringgallery.github.io/images/8-times-table-worksheet-for-grade-3-part-178-2218.jpg,Homeschool Math,04/21/2026 01:27:00 PM
Printable Tracing Worksheet For Kids - Part 179 | Free Printable,Fun and engaging Tracing worksheet for Kindergarten. Perfect printable math practice.,https://mathworksheetkidscoloringgallery.github.io/html/printable-tracing-worksheet-for-kids-part-179-4661.html,https://mathworksheetkidscoloringgallery.github.io/images/printable-tracing-worksheet-for-kids-part-179-4661.jpg,Kids Math Worksheets,04/21/2026 04:25:00 PM
Math Word Problem Worksheet,Help kids master Word Problem with this printable worksheet for Grade 3. Great for daily math practice.,https://mathworksheetkidscoloringgallery.github.io/html/math-word-problem-worksheet-1600.html,https://mathworksheetkidscoloringgallery.github.io/images/math-word-problem-worksheet-1600.jpg,Homeschool Math,04/21/2026 08:31:00 PM
Free 17 Addition Math Worksheet For Grade 3 With Answers - Part 181 | Printable Practice,Teachers and parents love this Addition worksheet for Grade 3. Download and print instantly.,https://mathworksheetkidscoloringgallery.github.io/html/free-17-addition-math-worksheet-for-grade-3-with-answers-part-181-7103.html,https://mathworksheetkidscoloringgallery.github.io/images/free-17-addition-math-worksheet-for-grade-3-with-answers-part-181-7103.jpg,Printable Worksheets,04/22/2026 08:27:00 AM
Fun Count and Color Objects Worksheet for Grade 1,Free printable Count and Color worksheet for Grade 1. Perfect for homeschool practice and classroom activities.,https://mathworksheetkidscoloringgallery.github.io/html/fun-count-and-color-objects-worksheet-for-grade-1-3549.html,https://mathworksheetkidscoloringgallery.github.io/images/fun-count-and-color-objects-worksheet-for-grade-1-3549.jpg,Printable Worksheets,04/22/2026 11:00:00 AM
Free Counting Objects Worksheet For Kindergarten - Part 183 | Printable Practice,Free printable Counting Objects worksheet for Kindergarten. Perfect for homeschool practice and classroom activities.,https://mathworksheetkidscoloringgallery.github.io/html/free-counting-objects-worksheet-for-kindergarten-part-183-2624.html,https://mathworksheetkidscoloringgallery.github.io/images/free-counting-objects-worksheet-for-kindergarten-part-183-2624.jpg,Kids Math Worksheets,04/22/2026 01:33:00 PM
Printable Free 26 Division Math Worksheet For Grade 2 - Part 184 | Printable Practice,Printable Division worksheet designed for Grade 2 students. Easy and fun math practice.,https://mathworksheetkidscoloringgallery.github.io/html/printable-free-26-division-math-worksheet-for-grade-2-part-184-1679.html,https://mathworksheetkidscoloringgallery.github.io/images/printable-free-26-division-math-worksheet-for-grade-2-part-184-1679.jpg,Math Practice Printables,04/22/2026 04:26:00 PM
Ultimate Math Challenge Worksheet (8 Questions),Help kids master Math with this printable worksheet for Math. Great for daily math practice.,https://mathworksheetkidscoloringgallery.github.io/html/ultimate-math-challenge-worksheet-8-questions-3898.html,https://mathworksheetkidscoloringgallery.github.io/images/ultimate-math-challenge-worksheet-8-questions-3898.jpg,Kids Math Worksheets,04/22/2026 08:28:00 PM
Missing Number Math Worksheet,Help kids master Missing Number with this printable worksheet for Grade 1. Great for daily math practice.,https://mathworksheetkidscoloringgallery.github.io/html/missing-number-math-worksheet-5795.html,https://mathworksheetkidscoloringgallery.github.io/images/missing-number-math-worksheet-5795.jpg,Elementary Math Activities,04/23/2026 08:37:00 AM
Mixed Operations Math Worksheet,Teachers and parents love this Mixed Operations worksheet for Grade 3. Download and print instantly.,https://mathworksheetkidscoloringgallery.github.io/html/mixed-operations-math-worksheet-4401.html,https://mathworksheetkidscoloringgallery.github.io/images/mixed-operations-math-worksheet-4401.jpg,Math Practice Printables,04/23/2026 11:08:00 AM
Free 10 Multiplication Math Worksheet For Grade 2 With Answers - Part 188 | Printable Practice,Free printable Multiplication worksheet for Grade 2. Perfect for homeschool practice and classroom activities.,https://mathworksheetkidscoloringgallery.github.io/html/free-10-multiplication-math-worksheet-for-grade-2-with-answers-part-188-7468.html,https://mathworksheetkidscoloringgallery.github.io/images/free-10-multiplication-math-worksheet-for-grade-2-with-answers-part-188-7468.jpg,Elementary Math Activities,04/23/2026 01:27:00 PM
Grade 2 Subtraction Practice Worksheet (12 Problems) - Part 189 | Printable Practice,Free printable Subtraction worksheet for Grade 2. Perfect for homeschool practice and classroom activities.,https://mathworksheetkidscoloringgallery.github.io/html/grade-2-subtraction-practice-worksheet-12-problems-part-189-4237.html,https://mathworksheetkidscoloringgallery.github.io/images/grade-2-subtraction-practice-worksheet-12-problems-part-189-4237.jpg,Kids Math Worksheets,04/23/2026 04:24:00 PM
Grade 3 Multiplication Table 7 Practice - Part 190 | Printable Practice,Help kids master Times Table with this printable worksheet for Grade 3. Great for daily math practice.,https://mathworksheetkidscoloringgallery.github.io/html/grade-3-multiplication-table-7-practice-part-190-6785.html,https://mathworksheetkidscoloringgallery.github.io/images/grade-3-multiplication-table-7-practice-part-190-6785.jpg,Elementary Math Activities,04/23/2026 08:37:00 PM
Printable Tracing Worksheet For Kids - Part 191 | Free Printable,Fun and engaging Tracing worksheet for Kindergarten. Perfect printable math practice.,https://mathworksheetkidscoloringgallery.github.io/html/printable-tracing-worksheet-for-kids-part-191-5447.html,https://mathworksheetkidscoloringgallery.github.io/images/printable-tracing-worksheet-for-kids-part-191-5447.jpg,Math Practice Printables,04/24/2026 08:38:00 AM
Math Word Problem Worksheet,Free printable Word Problem worksheet for Grade 3. Perfect for homeschool practice and classroom activities.,https://mathworksheetkidscoloringgallery.github.io/html/math-word-problem-worksheet-5554.html,https://mathworksheetkidscoloringgallery.github.io/images/math-word-problem-worksheet-5554.jpg,Homeschool Math,04/24/2026 11:00:00 AM
Free 18 Addition Math Worksheet For Grade 3 With Answers - Part 193 | Printable Practice,Printable Addition worksheet designed for Grade 3 students. Easy and fun math practice.,https://mathworksheetkidscoloringgallery.github.io/html/free-18-addition-math-worksheet-for-grade-3-with-answers-part-193-2860.html,https://mathworksheetkidscoloringgallery.github.io/images/free-18-addition-math-worksheet-for-grade-3-with-answers-part-193-2860.jpg,Kids Math Worksheets,04/24/2026 01:27:00 PM
Printable Count and Color Worksheet for Kindergarten Kids,Printable Count and Color worksheet designed for Kindergarten students. Easy and fun math practice.,https://mathworksheetkidscoloringgallery.github.io/html/printable-count-and-color-worksheet-for-kindergarten-kids-6989.html,https://mathworksheetkidscoloringgallery.github.io/images/printable-count-and-color-worksheet-for-kindergarten-kids-6989.jpg,Kids Math Worksheets,04/24/2026 04:34:00 PM
Learn Counting With Pictures Worksheet (Kindergarten) - Part 195 | Printable Practice,Help kids master Counting Objects with this printable worksheet for Kindergarten. Great for daily math practice.,https://mathworksheetkidscoloringgallery.github.io/html/learn-counting-with-pictures-worksheet-kindergarten-part-195-3942.html,https://mathworksheetkidscoloringgallery.github.io/images/learn-counting-with-pictures-worksheet-kindergarten-part-195-3942.jpg,Math Practice Printables,04/24/2026 08:24:00 PM
Printable Free 13 Division Math Worksheet For Grade 1 - Part 196 | Printable Practice,Fun and engaging Division worksheet for Grade 1. Perfect printable math practice.,https://mathworksheetkidscoloringgallery.github.io/html/printable-free-13-division-math-worksheet-for-grade-1-part-196-9121.html,https://mathworksheetkidscoloringgallery.github.io/images/printable-free-13-division-math-worksheet-for-grade-1-part-196-9121.jpg,Elementary Math Activities,04/25/2026 08:22:00 AM
Advanced Math Quiz for Students (4 Questions),Printable Math worksheet designed for Math students. Easy and fun math practice.,https://mathworksheetkidscoloringgallery.github.io/html/advanced-math-quiz-for-students-4-questions-2211.html,https://mathworksheetkidscoloringgallery.github.io/images/advanced-math-quiz-for-students-4-questions-2211.jpg,Elementary Math Activities,04/25/2026 11:05:00 AM
Missing Number Math Worksheet,Help kids master Missing Number with this printable worksheet for Grade 1. Great for daily math practice.,https://mathworksheetkidscoloringgallery.github.io/html/missing-number-math-worksheet-3783.html,https://mathworksheetkidscoloringgallery.github.io/images/missing-number-math-worksheet-3783.jpg,Elementary Math Activities,04/25/2026 01:32:00 PM
Mixed Operations Math Worksheet,Free printable Mixed Operations worksheet for Grade 3. Perfect for homeschool practice and classroom activities.,https://mathworksheetkidscoloringgallery.github.io/html/mixed-operations-math-worksheet-5342.html,https://mathworksheetkidscoloringgallery.github.io/images/mixed-operations-math-worksheet-5342.jpg,Elementary Math Activities,04/25/2026 04:32:00 PM
Free 25 Multiplication Math Worksheet For Grade 2 With Answers - Part 200 | Printable Practice,Teachers and parents love this Multiplication worksheet for Grade 2. Download and print instantly.,https://mathworksheetkidscoloringgallery.github.io/html/free-25-multiplication-math-worksheet-for-grade-2-with-answers-part-200-9969.html,https://mathworksheetkidscoloringgallery.github.io/images/free-25-multiplication-math-worksheet-for-grade-2-with-answers-part-200-9969.jpg,Printable Worksheets,04/25/2026 08:34:00 PM
